Main Office Country,Main Office State Province,Main Office City
Canada,Alberta,Calgary
Canada,Alberta,Edmonton
Canada,British Columbia,Burnaby
Canada,British Columbia,Richmond
Canada,British Columbia,Surrey
Canada,British Columbia,Vancouver
Canada,British Columbia,Victoria
Canada,Brunswick,Saint John
Canada,Manitoba,Winnipeg
Canada,Ontario,Aurora
Canada,Ontario,Barrie
Canada,Ontario,Brampton
Canada,Ontario,Chalk Riber
Canada,Ontario,Etobicoke
Canada,Ontario,Kanata
Canada,Ontario,Kingston
Canada,Ontario,Markham
Canada,Ontario,Mississauga
Canada,Ontario,Nepean
Canada,Ontario,Ottawa
